{
    "type": "datasource",
    "name": "Cardinal LakeRunner",
    "id": "cardinalhq-lakerunner-datasource",
    "metrics": true,
    "logs": true,
    "streaming": true,
    "backend": true,
    "executable": "gpx_cardinalhq_datasource",
    "info": {
        "description": "Explore and visualize logs and metrics stored in your own open-source private datalake",
        "author": {
            "name": "Cardinal HQ",
            "email": "support@cardinalhq.io",
            "url": "https://cardinalhq.io"
        },
        "keywords": [
            "datasource",
            "cardinal",
            "lakerunner",
            "logs",
            "metrics"
        ],
        "logos": {
            "small": "img/logo.svg",
            "large": "img/logo.svg"
        },
        "links": [],
        "screenshots": [],
        "version": "0.1.0",
        "updated": "2025-08-01"
    },
    "dependencies": {
        "grafanaDependency": ">=10.0.0",
        "plugins": []
    },
    "buildMode": "production"
}